Data-set,SD-pn-freq-2-binary,SSDP+-pn-freq-2-binary,SMHDD-pn-freq-2-binary,SD-pn-freq-2-nominal,SSDP+-pn-freq-2-nominal,SMHDD-pn-freq-2-nominal,SD-pn-freq-4-binary,SSDP+-pn-freq-4-binary,SMHDD-pn-freq-4-binary,SD-pn-freq-4-nominal,SSDP+-pn-freq-4-nominal,SMHDD-pn-freq-4-nominal,SD-pn-freq-8-binary,SSDP+-pn-freq-8-binary,SMHDD-pn-freq-8-binary,SD-pn-freq-8-nominal,SSDP+-pn-freq-8-nominal,SMHDD-pn-freq-8-nominal,SD-pn-width-2-binary,SSDP+-pn-width-2-binary,SMHDD-pn-width-2-binary,SD-pn-width-2-nominal,SSDP+-pn-width-2-nominal,SMHDD-pn-width-2-nominal,SD-pn-width-4-binary,SSDP+-pn-width-4-binary,SMHDD-pn-width-4-binary,SD-pn-width-4-nominal,SSDP+-pn-width-4-nominal,SMHDD-pn-width-4-nominal,SD-pn-width-8-binary,SSDP+-pn-width-8-binary,SMHDD-pn-width-8-binary,SD-pn-width-8-nominal,SSDP+-pn-width-8-nominal,SMHDD-pn-width-8-nominal,SMHDD-1.0-freq-2-nominal,SMHDD-1.0-freq-4-binary,SMHDD-1.0-freq-4-nominal,SMHDD-1.0-freq-8-binary,SMHDD-1.0-freq-8-nominal,SMHDD-1.0-width-2-nominal,SMHDD-1.0-width-4-binary,SMHDD-1.0-width-4-nominal,SMHDD-1.0-width-8-binary,SMHDD-1.0-width-8-nominal
alon,24.1,23.8,23.8,24.1,24.0,24.0,15.2,28.6,28.6,15.3,15.3,15.3,26.8,31.5,31.5,8.0,8.0,8.0,13.2,17.4,17.4,13.2,15.1,15.1,20.6,25.3,25.3,11.7,18.2,18.2,22.6,23.5,23.5,17.8,18.5,18.5,23.8,32.5,16.0,34.8,8.1,17.3,28.5,18.9,32.9,18.4
alon,24.1,23.9,23.9,24.1,24.0,24.0,15.2,26.4,26.4,15.3,15.3,15.3,26.8,32.8,32.8,8.0,8.0,8.0,13.2,15.6,15.6,13.2,16.1,16.1,20.6,24.0,24.0,11.7,18.8,18.8,22.6,28.0,28.0,17.8,18.7,18.7,23.9,32.6,16.0,34.7,8.1,16.2,26.2,19.3,33.2,18.6
alon,24.1,24.0,24.0,24.1,23.9,23.9,15.2,28.5,28.5,15.3,15.3,15.3,26.8,32.5,32.5,8.0,8.0,8.0,13.2,16.2,16.2,13.2,14.7,14.7,20.6,25.8,25.8,11.7,18.7,18.7,22.6,28.3,28.3,17.8,18.4,18.4,23.8,32.7,16.0,34.7,8.1,17.4,25.9,18.9,32.3,18.7
alon,24.1,23.9,23.9,24.1,23.9,23.9,15.2,27.4,27.4,15.3,15.3,15.3,26.8,33.5,33.5,8.0,8.0,8.0,13.2,16.7,16.7,13.2,17.3,17.3,20.6,25.1,25.1,11.7,19.2,19.2,22.6,22.6,22.6,17.8,18.5,18.5,23.9,32.7,16.0,35.0,8.1,17.3,24.8,26.9,32.3,18.7
alon,24.1,23.9,23.9,24.1,24.0,24.0,15.2,26.9,26.9,15.3,15.3,15.3,26.8,32.4,32.4,8.0,8.0,8.0,13.2,14.7,14.7,13.2,17.2,17.2,20.6,24.8,24.8,11.7,19.4,19.4,22.6,27.2,27.2,17.8,18.9,18.9,24.0,32.1,16.0,35.4,8.1,14.4,24.3,17.9,33.6,18.6
alon,24.1,23.9,23.9,24.1,23.9,23.9,15.2,27.6,27.6,15.3,15.3,15.3,26.8,29.5,29.5,8.0,8.0,8.0,13.2,16.2,16.2,13.2,14.5,14.5,20.6,24.1,24.1,11.7,18.7,18.7,22.6,27.7,27.7,17.8,18.8,18.8,23.8,32.5,16.0,35.1,8.1,14.5,24.1,18.8,34.8,18.5
alon,24.1,23.9,23.9,24.1,23.9,23.9,15.2,25.7,25.7,15.3,15.3,15.3,26.8,29.6,29.6,8.0,8.0,8.0,13.2,17.2,17.2,13.2,17.2,17.2,20.6,23.2,23.2,11.7,19.3,19.3,22.6,25.1,25.1,17.8,18.6,18.6,23.8,32.4,16.0,34.6,8.1,17.2,28.1,19.1,32.7,18.6
alon,24.1,23.9,23.9,24.1,23.9,23.9,15.2,25.1,25.1,15.3,15.3,15.3,26.8,34.9,34.9,8.0,8.0,8.0,13.2,14.5,14.5,13.2,14.8,14.8,20.6,24.6,24.6,11.7,18.8,18.8,22.6,29.0,29.0,17.8,18.7,18.7,23.9,31.5,16.0,35.3,8.1,17.3,25.1,19.2,32.9,18.4
alon,24.1,23.9,23.9,24.1,23.8,23.8,15.2,27.4,27.4,15.3,15.3,15.3,26.8,33.8,33.8,8.0,8.0,8.0,13.2,15.4,15.4,13.2,14.5,14.5,20.6,25.9,25.9,11.7,19.2,19.2,22.6,32.6,32.6,17.8,18.3,18.3,24.0,32.4,16.0,33.7,8.1,16.0,24.8,19.2,32.7,18.4
alon,24.1,23.8,23.8,24.1,23.9,23.9,15.2,26.0,26.0,15.3,15.3,15.3,26.8,27.5,27.5,8.0,8.0,8.0,13.2,14.4,14.4,13.2,16.2,16.2,20.6,24.7,24.7,11.7,19.1,19.1,22.6,23.4,23.4,17.8,18.5,18.5,23.9,32.7,16.0,34.6,8.1,17.3,26.2,26.9,34.0,18.8
burczynski,32.9,37.5,37.5,32.9,37.5,37.5,30.0,45.4,45.4,24.9,24.8,24.8,16.0,43.2,43.2,16.0,16.0,16.0,19.4,33.9,33.9,19.4,34.2,34.2,17.5,44.5,44.5,22.7,35.8,35.8,19.8,45.2,45.2,23.5,26.8,26.8,37.7,48.1,24.2,47.1,16.0,32.2,42.6,34.6,43.5,26.8
burczynski,32.9,37.4,37.4,32.9,37.3,37.3,30.0,44.3,44.3,24.9,24.8,24.8,16.0,39.8,39.8,16.0,16.0,16.0,19.4,32.8,32.8,19.4,35.1,35.1,17.5,44.3,44.3,22.7,36.3,36.3,19.8,43.6,43.6,23.5,21.1,21.1,38.0,46.0,24.2,46.0,16.0,36.3,42.3,37.7,43.0,27.1
burczynski,32.9,37.3,37.3,32.9,37.4,37.4,30.0,44.3,44.3,24.9,24.8,24.8,16.0,42.6,42.6,16.0,16.0,16.0,19.4,31.6,31.6,19.4,31.7,31.7,17.5,43.4,43.4,22.7,36.5,36.5,19.8,43.1,43.1,23.5,20.6,20.6,37.8,47.8,24.2,46.8,16.0,31.8,43.4,35.0,43.8,27.3
burczynski,32.9,37.4,37.4,32.9,37.4,37.4,30.0,43.2,43.2,24.9,24.8,24.8,16.0,41.1,41.1,16.0,16.0,16.0,19.4,32.8,32.8,19.4,32.7,32.7,17.5,43.2,43.2,22.7,35.7,35.7,19.8,43.4,43.4,23.5,27.0,27.0,37.9,48.5,24.2,49.4,16.0,32.9,43.8,35.5,45.6,26.6
burczynski,32.9,37.4,37.4,32.9,37.4,37.4,30.0,43.6,43.6,24.9,24.8,24.8,16.0,42.7,42.7,16.0,16.0,16.0,19.4,32.3,32.3,19.4,32.3,32.3,17.5,47.9,47.9,22.7,36.8,36.8,19.8,44.0,44.0,23.5,25.9,25.9,37.9,47.7,24.2,47.6,16.0,32.3,46.1,35.9,44.6,27.0
burczynski,32.9,37.4,37.4,32.9,37.5,37.5,30.0,44.1,44.1,24.9,24.8,24.8,16.0,43.8,43.8,16.0,16.0,16.0,19.4,32.1,32.1,19.4,32.4,32.4,17.5,42.5,42.5,22.7,38.6,38.6,19.8,42.9,42.9,23.5,26.7,26.7,37.6,44.0,24.2,52.5,16.0,32.1,43.4,34.4,43.5,26.3
burczynski,32.9,37.4,37.4,32.9,37.5,37.5,30.0,43.9,43.9,24.9,24.8,24.8,16.0,42.4,42.4,16.0,16.0,16.0,19.4,32.4,32.4,19.4,31.4,31.4,17.5,42.8,42.8,22.7,36.8,36.8,19.8,47.0,47.0,23.5,21.0,21.0,38.0,47.2,24.2,51.6,16.0,38.7,45.3,36.9,45.8,20.6
burczynski,32.9,37.5,37.5,32.9,37.4,37.4,30.0,40.9,40.9,24.9,24.8,24.8,16.0,42.2,42.2,16.0,16.0,16.0,19.4,41.3,41.3,19.4,35.6,35.6,17.5,43.0,43.0,22.7,36.0,36.0,19.8,46.0,46.0,23.5,26.9,26.9,37.7,46.8,24.2,50.0,16.0,34.4,41.6,36.8,44.6,27.4
burczynski,32.9,37.5,37.5,32.9,37.3,37.3,30.0,43.8,43.8,24.9,24.8,24.8,16.0,45.5,45.5,16.0,16.0,16.0,19.4,31.7,31.7,19.4,31.6,31.6,17.5,44.8,44.8,22.7,36.6,36.6,19.8,46.4,46.4,23.5,27.0,27.0,37.6,47.7,24.2,49.1,16.0,32.2,40.6,36.1,41.5,21.0
burczynski,32.9,37.3,37.3,32.9,37.4,37.4,30.0,43.2,43.2,24.9,24.8,24.8,16.0,40.3,40.3,16.0,16.0,16.0,19.4,35.7,35.7,19.4,32.5,32.5,17.5,43.3,43.3,22.7,36.9,36.9,19.8,46.0,46.0,23.5,26.9,26.9,38.0,46.0,24.2,46.6,16.0,31.8,42.7,35.7,43.8,28.1
chiaretti,38.5,42.2,42.2,38.5,42.2,42.2,31.0,49.3,49.3,26.4,26.4,26.4,16.0,49.2,49.2,16.0,16.0,16.0,36.5,53.8,53.8,36.5,53.8,53.8,32.7,43.0,43.0,33.9,41.0,41.0,32.5,47.0,47.0,30.2,31.1,31.1,42.2,54.1,26.4,59.1,16.0,52.6,55.4,39.4,63.9,31.0
chiaretti,38.5,42.2,42.2,38.5,42.2,42.2,31.0,54.0,54.0,26.4,26.4,26.4,16.0,47.1,47.1,16.0,16.0,16.0,36.5,54.0,54.0,36.5,46.7,46.7,32.7,44.1,44.1,33.9,41.8,41.8,32.5,47.8,47.8,30.2,31.0,31.0,42.2,53.8,26.4,57.5,16.0,44.1,50.0,40.0,64.9,30.7
chiaretti,38.5,42.2,42.2,38.5,42.2,42.2,31.0,53.2,53.2,26.4,26.4,26.4,16.0,47.6,47.6,16.0,16.0,16.0,36.5,51.6,51.6,36.5,47.0,47.0,32.7,49.9,49.9,33.9,40.5,40.5,32.5,48.4,48.4,30.2,31.1,31.1,42.2,50.4,26.4,61.8,16.0,45.7,55.4,40.4,52.9,31.1
chiaretti,38.5,42.2,42.2,38.5,42.2,42.2,31.0,53.6,53.6,26.4,26.4,26.4,16.0,46.7,46.7,16.0,16.0,16.0,36.5,48.6,48.6,36.5,52.5,52.5,32.7,52.5,52.5,33.9,38.5,38.5,32.5,48.6,48.6,30.2,31.0,31.0,42.2,49.3,26.4,62.5,16.0,47.5,54.7,42.7,66.1,31.4
chiaretti,38.5,42.2,42.2,38.5,42.2,42.2,31.0,52.1,52.1,26.4,26.4,26.4,16.0,51.2,51.2,16.0,16.0,16.0,36.5,52.3,52.3,36.5,44.1,44.1,32.7,51.6,51.6,33.9,41.7,41.7,32.5,47.9,47.9,30.2,31.3,31.3,42.2,48.3,26.4,59.2,16.0,52.7,63.4,40.9,65.2,31.1
chiaretti,38.5,42.2,42.2,38.5,42.2,42.2,31.0,53.9,53.9,26.4,26.4,26.4,16.0,47.5,47.5,16.0,16.0,16.0,36.5,54.5,54.5,36.5,54.1,54.1,32.7,47.7,47.7,33.9,41.0,41.0,32.5,53.4,53.4,30.2,31.3,31.3,42.2,52.1,26.4,63.5,16.0,50.7,61.8,41.4,58.5,31.1
chiaretti,38.5,42.2,42.2,38.5,42.2,42.2,31.0,50.3,50.3,26.4,26.4,26.4,16.0,46.7,46.7,16.0,16.0,16.0,36.5,50.0,50.0,36.5,48.3,48.3,32.7,44.5,44.5,33.9,44.3,44.3,32.5,53.2,53.2,30.2,31.4,31.4,42.2,54.6,26.4,56.5,16.0,47.4,53.0,40.8,64.5,31.4
chiaretti,38.5,42.2,42.2,38.5,42.2,42.2,31.0,52.3,52.3,26.4,26.4,26.4,16.0,47.6,47.6,16.0,16.0,16.0,36.5,46.8,46.8,36.5,47.0,47.0,32.7,44.9,44.9,33.9,41.3,41.3,32.5,54.8,54.8,30.2,30.7,30.7,42.2,52.2,26.4,60.2,16.0,48.2,54.7,40.1,63.0,31.1
chiaretti,38.5,42.2,42.2,38.5,42.2,42.2,31.0,53.3,53.3,26.4,26.4,26.4,16.0,47.5,47.5,16.0,16.0,16.0,36.5,49.6,49.6,36.5,46.4,46.4,32.7,48.2,48.2,33.9,40.2,40.2,32.5,50.3,50.3,30.2,31.5,31.5,42.2,48.5,26.4,58.2,16.0,51.5,48.5,40.6,52.0,31.3
chiaretti,38.5,42.2,42.2,38.5,42.2,42.2,31.0,51.8,51.8,26.4,26.4,26.4,16.0,50.7,50.7,16.0,16.0,16.0,36.5,46.2,46.2,36.5,45.8,45.8,32.7,48.7,48.7,33.9,41.2,41.2,32.5,48.8,48.8,30.2,31.1,31.1,42.2,49.3,26.4,63.5,16.0,50.3,56.8,39.4,64.0,30.4
chin,42.6,42.7,42.7,42.6,42.7,42.7,29.1,58.7,58.7,27.5,27.8,27.8,22.2,49.8,49.8,15.0,15.0,15.0,37.2,57.4,57.4,37.2,63.6,63.6,41.5,66.2,66.2,38.6,57.5,57.5,29.4,64.5,64.5,23.1,43.9,43.9,42.7,51.8,28.5,61.6,15.0,66.2,66.9,57.4,68.4,34.5
chin,42.6,42.6,42.6,42.6,42.7,42.7,29.1,59.5,59.5,27.5,27.8,27.8,22.2,49.8,49.8,15.0,15.0,15.0,37.2,63.0,63.0,37.2,64.1,64.1,41.5,66.2,66.2,38.6,57.9,57.9,29.4,61.0,61.0,23.1,33.5,33.5,42.7,53.0,28.5,63.1,15.0,64.4,67.2,57.8,67.9,36.7
chin,42.6,42.7,42.7,42.6,42.6,42.6,29.1,57.4,57.4,27.5,27.7,27.7,22.2,58.5,58.5,15.0,15.0,15.0,37.2,65.9,65.9,37.2,60.1,60.1,41.5,64.8,64.8,38.6,56.2,56.2,29.4,61.7,61.7,23.1,33.7,33.7,42.7,51.9,28.5,62.3,15.0,66.3,67.7,56.4,67.1,40.7
chin,42.6,42.7,42.7,42.6,42.7,42.7,29.1,58.7,58.7,27.5,28.0,28.0,22.2,50.8,50.8,15.0,15.0,15.0,37.2,65.6,65.6,37.2,63.8,63.8,41.5,67.1,67.1,38.6,55.2,55.2,29.4,65.1,65.1,23.1,34.5,34.5,42.5,51.4,28.6,62.9,15.0,64.3,67.5,57.1,66.5,35.4
chin,42.6,42.7,42.7,42.6,42.7,42.7,29.1,58.7,58.7,27.5,28.0,28.0,22.2,50.5,50.5,15.0,15.0,15.0,37.2,65.9,65.9,37.2,64.0,64.0,41.5,67.2,67.2,38.6,54.8,54.8,29.4,61.2,61.2,23.1,40.9,40.9,42.6,51.6,28.5,62.8,15.0,64.5,65.3,58.4,67.8,36.8
chin,42.6,42.7,42.7,42.6,42.7,42.7,29.1,55.7,55.7,27.5,27.8,27.8,22.2,53.7,53.7,15.0,15.0,15.0,37.2,63.2,63.2,37.2,63.8,63.8,41.5,66.3,66.3,38.6,57.0,57.0,29.4,62.2,62.2,23.1,43.2,43.2,42.7,52.3,28.5,61.5,15.0,63.5,67.4,55.0,68.2,38.2
chin,42.6,42.7,42.7,42.6,42.7,42.7,29.1,58.8,58.8,27.5,27.8,27.8,22.2,50.1,50.1,15.0,15.0,15.0,37.2,64.0,64.0,37.2,62.8,62.8,41.5,67.5,67.5,38.6,57.7,57.7,29.4,60.7,60.7,23.1,39.2,39.2,42.7,54.3,28.7,61.3,15.0,66.2,65.9,57.7,67.5,36.5
chin,42.6,42.5,42.5,42.6,42.7,42.7,29.1,57.1,57.1,27.5,27.8,27.8,22.2,50.2,50.2,15.0,15.0,15.0,37.2,63.4,63.4,37.2,62.6,62.6,41.5,65.2,65.2,38.6,57.5,57.5,29.4,65.1,65.1,23.1,37.0,37.0,42.7,51.8,28.5,64.9,15.0,61.1,67.6,59.4,68.1,41.8
chin,42.6,42.7,42.7,42.6,42.7,42.7,29.1,58.2,58.2,27.5,27.8,27.8,22.2,50.3,50.3,15.0,15.0,15.0,37.2,63.0,63.0,37.2,63.7,63.7,41.5,67.3,67.3,38.6,59.3,59.3,29.4,65.4,65.4,23.1,35.7,35.7,42.7,51.5,28.6,61.1,15.0,64.6,67.8,56.8,68.4,39.7
chin,42.6,42.7,42.7,42.6,42.7,42.7,29.1,58.7,58.7,27.5,27.8,27.8,22.2,51.9,51.9,15.0,15.0,15.0,37.2,66.1,66.1,37.2,64.1,64.1,41.5,63.6,63.6,38.6,57.5,57.5,29.4,64.4,64.4,23.1,32.5,32.5,42.7,51.8,28.6,60.7,15.0,63.0,68.5,54.4,68.1,40.4
chowdary,45.8,46.2,46.2,45.8,46.3,46.3,29.1,56.6,56.6,27.8,27.8,27.8,60.4,56.6,56.6,16.0,16.0,16.0,15.8,25.3,25.3,15.8,25.3,25.3,29.7,49.0,49.0,18.7,32.5,32.5,34.2,49.7,49.7,28.7,39.6,39.6,46.1,56.0,26.3,56.7,16.4,25.3,49.2,32.5,54.8,38.6
chowdary,45.8,46.4,46.4,45.8,46.4,46.4,29.1,56.2,56.2,27.8,27.8,27.8,60.4,56.6,56.6,16.0,16.0,16.0,15.8,25.3,25.3,15.8,25.3,25.3,29.7,48.3,48.3,18.7,32.4,32.4,34.2,49.2,49.2,28.7,38.7,38.7,47.5,56.9,26.3,56.5,16.4,25.3,48.1,32.4,54.8,38.6
chowdary,45.8,46.4,46.4,45.8,46.5,46.5,29.1,56.9,56.9,27.8,27.8,27.8,60.4,56.9,56.9,16.0,16.0,16.0,15.8,25.3,25.3,15.8,25.4,25.4,29.7,48.3,48.3,18.7,32.4,32.4,34.2,49.9,49.9,28.7,40.1,40.1,47.1,56.8,26.3,56.6,16.4,25.3,48.2,32.4,54.8,40.8
chowdary,45.8,46.3,46.3,45.8,46.3,46.3,29.1,56.1,56.1,27.8,27.8,27.8,60.4,56.7,56.7,16.0,16.0,16.0,15.8,25.3,25.3,15.8,25.3,25.3,29.7,48.3,48.3,18.7,32.4,32.4,34.2,49.2,49.2,28.7,40.9,40.9,46.5,56.2,26.3,57.0,16.4,25.3,46.6,32.4,54.6,38.5
chowdary,45.8,46.3,46.3,45.8,46.3,46.3,29.1,56.0,56.0,27.8,27.8,27.8,60.4,56.6,56.6,16.0,16.0,16.0,15.8,25.3,25.3,15.8,25.3,25.3,29.7,48.3,48.3,18.7,32.4,32.4,34.2,49.4,49.4,28.7,38.6,38.6,46.2,56.6,26.3,56.6,16.4,25.3,48.5,25.6,54.6,45.3
chowdary,45.8,46.5,46.5,45.8,46.4,46.4,29.1,56.3,56.3,27.8,27.8,27.8,60.4,56.8,56.8,16.0,16.0,16.0,15.8,25.3,25.3,15.8,25.3,25.3,29.7,48.1,48.1,18.7,32.4,32.4,34.2,49.2,49.2,28.7,38.5,38.5,46.5,56.5,26.3,56.7,16.4,25.3,48.7,32.9,54.7,42.0
chowdary,45.8,46.5,46.5,45.8,46.4,46.4,29.1,55.8,55.8,27.8,27.8,27.8,60.4,56.7,56.7,16.0,16.0,16.0,15.8,25.3,25.3,15.8,25.3,25.3,29.7,48.3,48.3,18.7,32.4,32.4,34.2,49.4,49.4,28.7,41.3,41.3,46.4,55.7,26.3,56.6,16.4,25.3,48.1,32.4,54.5,41.1
chowdary,45.8,46.4,46.4,45.8,46.5,46.5,29.1,55.7,55.7,27.8,27.8,27.8,60.4,56.7,56.7,16.0,16.0,16.0,15.8,25.3,25.3,15.8,25.3,25.3,29.7,48.8,48.8,18.7,25.7,25.7,34.2,49.5,49.5,28.7,38.5,38.5,46.2,56.7,26.3,56.9,16.4,25.3,48.1,25.7,54.4,38.5
chowdary,45.8,46.4,46.4,45.8,46.5,46.5,29.1,56.8,56.8,27.8,27.8,27.8,60.4,56.8,56.8,16.0,16.0,16.0,15.8,25.3,25.3,15.8,25.3,25.3,29.7,48.6,48.6,18.7,32.7,32.7,34.2,49.1,49.1,28.7,38.6,38.6,46.8,55.9,26.3,56.7,16.4,25.3,48.1,32.4,54.6,38.6
chowdary,45.8,46.4,46.4,45.8,46.4,46.4,29.1,57.0,57.0,27.8,27.8,27.8,60.4,56.7,56.7,16.0,16.0,16.0,15.8,25.3,25.3,15.8,25.3,25.3,29.7,48.1,48.1,18.7,32.6,32.6,34.2,49.7,49.7,28.7,38.5,38.5,46.0,56.6,26.3,56.6,16.4,25.3,48.2,32.4,54.7,39.5
christensen,98.4,97.5,97.5,98.4,97.5,97.5,97.6,103.0,103.0,54.7,54.7,54.7,38.5,104.5,104.5,28.0,28.0,28.0,75.4,102.4,102.4,75.4,102.2,102.2,88.3,102.2,102.2,67.9,102.6,102.6,79.8,102.5,102.5,47.9,95.8,95.8,97.7,103.6,55.0,105.4,28.1,102.2,102.4,102.4,102.4,95.8
christensen,98.4,97.5,97.5,98.4,97.5,97.5,97.6,101.0,101.0,54.7,54.7,54.7,38.5,104.6,104.6,28.0,28.0,28.0,75.4,102.3,102.3,75.4,102.9,102.9,88.3,102.3,102.3,67.9,102.2,102.2,79.8,103.0,103.0,47.9,95.7,95.7,97.9,103.5,55.0,105.1,28.1,102.7,104.3,102.2,103.4,95.8
christensen,98.4,97.5,97.5,98.4,97.5,97.5,97.6,100.9,100.9,54.7,54.7,54.7,38.5,104.5,104.5,28.0,28.0,28.0,75.4,102.3,102.3,75.4,102.4,102.4,88.3,103.2,103.2,67.9,102.8,102.8,79.8,103.5,103.5,47.9,95.8,95.8,97.8,102.4,55.0,104.9,28.1,102.2,102.2,103.4,103.8,95.5
christensen,98.4,97.6,97.6,98.4,97.5,97.5,97.6,102.1,102.1,54.7,54.7,54.7,38.5,104.4,104.4,28.0,28.0,28.0,75.4,103.2,103.2,75.4,102.2,102.2,88.3,102.3,102.3,67.9,102.8,102.8,79.8,103.1,103.1,47.9,95.2,95.2,97.6,102.5,55.0,104.8,28.1,102.3,102.5,102.2,102.6,95.8
christensen,98.4,97.5,97.5,98.4,97.5,97.5,97.6,102.0,102.0,54.7,54.7,54.7,38.5,104.4,104.4,28.0,28.0,28.0,75.4,102.5,102.5,75.4,102.9,102.9,88.3,102.2,102.2,67.9,102.2,102.2,79.8,103.5,103.5,47.9,93.1,93.1,97.8,102.5,55.0,104.7,28.1,102.9,102.2,102.2,102.4,95.8
christensen,98.4,97.4,97.4,98.4,97.5,97.5,97.6,102.0,102.0,54.7,54.7,54.7,38.5,104.3,104.3,28.0,28.0,28.0,75.4,102.3,102.3,75.4,102.2,102.2,88.3,102.2,102.2,67.9,102.4,102.4,79.8,103.0,103.0,47.9,95.6,95.6,97.8,102.0,55.0,104.8,28.1,102.2,102.2,102.2,103.4,95.7
christensen,98.4,97.5,97.5,98.4,97.5,97.5,97.6,100.4,100.4,54.7,54.7,54.7,38.5,104.8,104.8,28.0,28.0,28.0,75.4,102.4,102.4,75.4,102.6,102.6,88.3,102.2,102.2,67.9,102.6,102.6,79.8,103.4,103.4,47.9,95.8,95.8,97.8,103.6,55.0,105.2,28.1,102.3,102.5,102.4,102.2,95.8
christensen,98.4,97.5,97.5,98.4,97.5,97.5,97.6,102.3,102.3,54.7,54.7,54.7,38.5,104.4,104.4,28.0,28.0,28.0,75.4,102.2,102.2,75.4,102.6,102.6,88.3,102.2,102.2,67.9,102.2,102.2,79.8,102.8,102.8,47.9,95.5,95.5,97.8,103.1,55.0,104.8,28.1,102.6,102.6,102.2,103.0,95.8
christensen,98.4,97.6,97.6,98.4,97.5,97.5,97.6,102.0,102.0,54.7,54.7,54.7,38.5,104.6,104.6,28.0,28.0,28.0,75.4,102.2,102.2,75.4,102.5,102.5,88.3,102.2,102.2,67.9,102.2,102.2,79.8,102.6,102.6,47.9,95.9,95.9,97.8,102.1,55.0,105.0,28.1,102.2,102.2,102.4,104.0,95.8
christensen,98.4,97.4,97.4,98.4,97.5,97.5,97.6,102.2,102.2,54.7,54.7,54.7,38.5,104.2,104.2,28.0,28.0,28.0,75.4,102.3,102.3,75.4,102.3,102.3,88.3,102.7,102.7,67.9,103.0,103.0,79.8,103.7,103.7,47.9,95.8,95.8,97.6,103.6,55.0,104.9,28.1,103.3,102.7,102.3,103.0,95.9
golub,36.0,36.0,36.0,36.0,36.0,36.0,30.8,42.3,42.3,18.2,18.2,18.2,43.4,43.5,43.5,10.4,10.4,10.4,18.0,42.9,42.9,18.0,43.0,43.0,23.4,42.9,42.9,38.5,42.6,42.6,39.3,43.7,43.7,35.3,42.3,42.3,36.0,36.0,18.4,43.7,10.5,42.7,42.0,42.4,42.9,41.8
golub,36.0,36.0,36.0,36.0,36.0,36.0,30.8,42.4,42.4,18.2,18.2,18.2,43.4,43.5,43.5,10.4,10.4,10.4,18.0,41.9,41.9,18.0,41.4,41.4,23.4,43.2,43.2,38.5,42.3,42.3,39.3,43.3,43.3,35.3,41.7,41.7,36.0,36.0,18.4,43.5,10.5,43.0,41.7,42.9,42.9,42.1
golub,36.0,36.0,36.0,36.0,36.0,36.0,30.8,42.5,42.5,18.2,18.2,18.2,43.4,43.3,43.3,10.4,10.4,10.4,18.0,41.5,41.5,18.0,42.4,42.4,23.4,42.8,42.8,38.5,42.5,42.5,39.3,43.1,43.1,35.3,41.8,41.8,36.0,36.0,18.4,43.6,10.5,42.2,43.1,42.0,43.3,40.4
golub,36.0,36.0,36.0,36.0,36.0,36.0,30.8,42.5,42.5,18.2,18.2,18.2,43.4,43.0,43.0,10.4,10.4,10.4,18.0,41.9,41.9,18.0,42.9,42.9,23.4,42.8,42.8,38.5,41.4,41.4,39.3,43.3,43.3,35.3,41.7,41.7,36.0,36.0,18.4,43.7,10.5,42.7,42.3,41.9,43.1,41.6
golub,36.0,36.0,36.0,36.0,36.0,36.0,30.8,42.5,42.5,18.2,18.2,18.2,43.4,43.4,43.4,10.4,10.4,10.4,18.0,42.0,42.0,18.0,42.7,42.7,23.4,43.0,43.0,38.5,42.2,42.2,39.3,43.3,43.3,35.3,42.1,42.1,36.0,36.0,18.4,43.8,10.5,39.8,41.7,42.6,43.3,42.1
golub,36.0,36.0,36.0,36.0,36.0,36.0,30.8,41.9,41.9,18.2,18.2,18.2,43.4,43.5,43.5,10.4,10.4,10.4,18.0,41.1,41.1,18.0,36.5,36.5,23.4,42.7,42.7,38.5,42.7,42.7,39.3,43.4,43.4,35.3,42.1,42.1,36.0,36.0,18.4,43.7,10.5,41.3,42.3,42.4,43.4,42.1
golub,36.0,36.0,36.0,36.0,36.0,36.0,30.8,42.7,42.7,18.2,18.2,18.2,43.4,43.1,43.1,10.4,10.4,10.4,18.0,42.7,42.7,18.0,41.5,41.5,23.4,42.8,42.8,38.5,42.4,42.4,39.3,43.7,43.7,35.3,42.1,42.1,36.0,36.0,18.4,43.8,10.5,43.5,42.4,41.6,43.2,42.0
golub,36.0,36.0,36.0,36.0,36.0,36.0,30.8,42.7,42.7,18.2,18.2,18.2,43.4,43.2,43.2,10.4,10.4,10.4,18.0,41.8,41.8,18.0,42.6,42.6,23.4,43.2,43.2,38.5,41.7,41.7,39.3,43.5,43.5,35.3,42.1,42.1,36.0,36.0,18.4,43.8,10.5,43.5,42.7,42.4,43.5,42.2
golub,36.0,36.0,36.0,36.0,36.0,36.0,30.8,42.5,42.5,18.2,18.2,18.2,43.4,43.3,43.3,10.4,10.4,10.4,18.0,40.8,40.8,18.0,43.2,43.2,23.4,43.2,43.2,38.5,42.8,42.8,39.3,43.4,43.4,35.3,40.8,40.8,36.0,36.0,18.4,39.1,10.5,42.6,43.3,42.6,43.4,42.1
golub,36.0,36.0,36.0,36.0,36.0,36.0,30.8,42.2,42.2,18.2,18.2,18.2,43.4,43.2,43.2,10.4,10.4,10.4,18.0,41.9,41.9,18.0,43.1,43.1,23.4,42.7,42.7,38.5,42.6,42.6,39.3,43.2,43.2,35.3,42.1,42.1,36.0,42.7,18.4,43.7,10.5,42.7,42.3,42.8,42.6,41.9
gordon,91.2,91.2,91.2,91.2,91.2,91.2,113.3,129.9,129.9,47.0,47.0,47.0,124.6,138.0,138.0,25.2,25.2,25.2,77.2,119.2,119.2,77.2,119.7,119.7,107.5,113.3,113.3,101.0,112.8,112.8,106.3,106.4,106.4,91.0,105.2,105.2,91.1,129.9,46.4,136.5,25.4,138.3,137.3,136.5,136.7,136.3
gordon,91.2,91.2,91.2,91.2,91.2,91.2,113.3,129.9,129.9,47.0,47.0,47.0,124.6,136.3,136.3,25.2,25.2,25.2,77.2,120.2,120.2,77.2,119.5,119.5,107.5,112.6,112.6,101.0,112.7,112.7,106.3,106.3,106.3,91.0,105.8,105.8,91.1,130.1,46.4,137.6,25.4,137.6,136.4,136.8,136.6,139.4
gordon,91.2,91.2,91.2,91.2,91.2,91.2,113.3,129.9,129.9,47.0,47.0,47.0,124.6,136.4,136.4,25.2,25.2,25.2,77.2,119.0,119.0,77.2,120.8,120.8,107.5,112.7,112.7,101.0,112.4,112.4,106.3,106.4,106.4,91.0,105.7,105.7,91.1,129.8,46.4,136.8,25.4,137.8,137.1,136.8,136.9,137.3
gordon,91.2,91.2,91.2,91.2,91.2,91.2,113.3,129.9,129.9,47.0,47.0,47.0,124.6,136.4,136.4,25.2,25.2,25.2,77.2,119.7,119.7,77.2,119.6,119.6,107.5,112.7,112.7,101.0,113.2,113.2,106.3,105.9,105.9,91.0,105.8,105.8,91.1,130.1,46.4,136.6,25.4,138.1,136.5,136.4,136.5,136.6
gordon,91.2,91.2,91.2,91.2,91.2,91.2,113.3,129.9,129.9,47.0,47.0,47.0,124.6,136.4,136.4,25.2,25.2,25.2,77.2,119.5,119.5,77.2,119.8,119.8,107.5,112.7,112.7,101.0,112.4,112.4,106.3,105.9,105.9,91.0,105.2,105.2,91.1,130.1,46.4,136.7,25.4,137.5,136.6,137.1,136.5,137.6
gordon,91.2,91.2,91.2,91.2,91.2,91.2,113.3,129.9,129.9,47.0,47.0,47.0,124.6,135.6,135.6,25.2,25.2,25.2,77.2,119.2,119.2,77.2,119.1,119.1,107.5,112.6,112.6,101.0,112.6,112.6,106.3,106.4,106.4,91.0,105.4,105.4,91.1,130.1,46.4,136.6,25.4,137.1,136.5,136.8,136.5,137.5
gordon,91.2,91.2,91.2,91.2,91.2,91.2,113.3,129.9,129.9,47.0,47.0,47.0,124.6,137.2,137.2,25.2,25.2,25.2,77.2,119.3,119.3,77.2,119.4,119.4,107.5,112.5,112.5,101.0,112.3,112.3,106.3,106.4,106.4,91.0,105.5,105.5,91.1,130.0,46.4,136.7,25.4,138.4,136.4,136.4,137.2,136.5
gordon,91.2,91.2,91.2,91.2,91.2,91.2,113.3,129.8,129.8,47.0,47.0,47.0,124.6,136.5,136.5,25.2,25.2,25.2,77.2,119.3,119.3,77.2,119.2,119.2,107.5,112.8,112.8,101.0,113.3,113.3,106.3,105.6,105.6,91.0,105.8,105.8,91.1,130.1,46.4,136.6,25.4,137.1,136.6,136.4,136.6,137.9
gordon,91.2,91.2,91.2,91.2,91.2,91.2,113.3,129.9,129.9,47.0,47.0,47.0,124.6,136.1,136.1,25.2,25.2,25.2,77.2,119.2,119.2,77.2,120.4,120.4,107.5,112.9,112.9,101.0,112.3,112.3,106.3,106.4,106.4,91.0,105.8,105.8,91.1,130.1,46.4,138.2,25.4,137.2,136.9,136.4,136.6,137.5
gordon,91.2,91.2,91.2,91.2,91.2,91.2,113.3,129.9,129.9,47.0,47.0,47.0,124.6,136.0,136.0,25.2,25.2,25.2,77.2,119.5,119.5,77.2,119.3,119.3,107.5,112.8,112.8,101.0,112.7,112.7,106.3,106.4,106.4,91.0,105.4,105.4,91.1,130.1,46.4,138.9,25.4,138.5,136.7,136.4,136.7,135.8
gravier,44.4,46.0,46.0,44.4,45.8,45.8,38.9,59.9,59.9,21.9,20.8,20.8,37.1,64.3,64.3,20.6,20.6,20.6,28.5,69.1,69.1,28.5,66.4,66.4,31.2,78.4,78.4,44.5,62.3,62.3,35.1,82.3,82.3,38.9,45.7,45.7,45.7,60.9,21.8,67.6,21.3,70.1,72.7,63.3,76.7,45.7
gravier,44.4,45.9,45.9,44.4,46.0,46.0,38.9,60.7,60.7,21.9,21.6,21.6,37.1,72.1,72.1,20.6,20.6,20.6,28.5,67.7,67.7,28.5,67.5,67.5,31.2,78.1,78.1,44.5,63.4,63.4,35.1,79.0,79.0,38.9,49.6,49.6,45.6,58.7,21.5,66.1,21.3,68.3,73.1,59.1,74.4,47.4
gravier,44.4,45.6,45.6,44.4,45.9,45.9,38.9,58.4,58.4,21.9,22.3,22.3,37.1,69.4,69.4,20.6,20.6,20.6,28.5,67.5,67.5,28.5,60.9,60.9,31.2,77.2,77.2,44.5,63.6,63.6,35.1,78.3,78.3,38.9,46.4,46.4,45.9,57.9,21.7,65.2,21.3,71.2,70.3,61.2,75.5,45.6
gravier,44.4,45.3,45.3,44.4,45.4,45.4,38.9,59.1,59.1,21.9,21.8,21.8,37.1,62.1,62.1,20.6,20.6,20.6,28.5,69.7,69.7,28.5,66.5,66.5,31.2,75.9,75.9,44.5,62.1,62.1,35.1,81.5,81.5,38.9,48.7,48.7,45.9,60.9,22.2,69.3,21.3,68.9,69.7,63.0,76.6,48.7
gravier,44.4,45.7,45.7,44.4,45.5,45.5,38.9,57.8,57.8,21.9,21.5,21.5,37.1,69.1,69.1,20.6,20.6,20.6,28.5,64.7,64.7,28.5,68.0,68.0,31.2,88.2,88.2,44.5,61.5,61.5,35.1,78.2,78.2,38.9,46.8,46.8,45.8,58.9,21.7,71.1,21.3,68.1,71.2,61.9,74.0,47.3
gravier,44.4,45.7,45.7,44.4,46.0,46.0,38.9,61.9,61.9,21.9,21.6,21.6,37.1,74.8,74.8,20.6,20.6,20.6,28.5,68.8,68.8,28.5,69.5,69.5,31.2,72.4,72.4,44.5,57.0,57.0,35.1,78.3,78.3,38.9,47.9,47.9,45.7,62.7,21.7,65.7,21.3,65.8,71.5,61.6,71.3,47.1
gravier,44.4,45.7,45.7,44.4,45.8,45.8,38.9,57.7,57.7,21.9,21.9,21.9,37.1,72.5,72.5,20.6,20.6,20.6,28.5,67.0,67.0,28.5,68.5,68.5,31.2,81.4,81.4,44.5,64.5,64.5,35.1,79.4,79.4,38.9,47.4,47.4,45.7,63.4,22.0,66.9,21.3,66.2,74.2,64.4,76.1,47.3
gravier,44.4,45.8,45.8,44.4,45.6,45.6,38.9,60.6,60.6,21.9,21.8,21.8,37.1,71.0,71.0,20.6,20.6,20.6,28.5,69.4,69.4,28.5,67.8,67.8,31.2,79.9,79.9,44.5,60.4,60.4,35.1,84.0,84.0,38.9,46.2,46.2,45.9,59.3,21.5,67.9,21.3,67.3,75.5,61.5,77.4,48.2
gravier,44.4,45.5,45.5,44.4,45.7,45.7,38.9,59.0,59.0,21.9,21.5,21.5,37.1,68.8,68.8,20.6,20.6,20.6,28.5,67.0,67.0,28.5,66.3,66.3,31.2,76.3,76.3,44.5,62.4,62.4,35.1,91.8,91.8,38.9,48.3,48.3,45.8,58.8,22.0,71.0,21.3,65.8,73.7,62.5,75.8,47.3
gravier,44.4,46.9,46.9,44.4,45.8,45.8,38.9,57.2,57.2,21.9,21.6,21.6,37.1,62.8,62.8,20.6,20.6,20.6,28.5,66.1,66.1,28.5,68.6,68.6,31.2,79.0,79.0,44.5,62.6,62.6,35.1,79.2,79.2,38.9,47.0,47.0,45.8,59.3,22.0,66.5,21.3,67.0,72.0,62.9,76.1,48.1
khan,20.8,20.7,20.7,20.8,20.8,20.8,14.7,20.6,20.6,14.4,14.7,14.7,20.3,20.5,20.5,8.0,8.0,8.0,20.4,20.6,20.6,20.4,20.2,20.2,17.5,20.5,20.5,16.3,18.3,18.3,16.5,20.5,20.5,9.1,11.6,11.6,20.7,20.6,15.3,20.9,8.0,20.3,20.6,18.2,20.7,11.6
khan,20.8,20.7,20.7,20.8,20.7,20.7,14.7,20.6,20.6,14.4,14.7,14.7,20.3,20.7,20.7,8.0,8.0,8.0,20.4,20.6,20.6,20.4,20.6,20.6,17.5,20.7,20.7,16.3,18.3,18.3,16.5,20.8,20.8,9.1,11.6,11.6,20.6,20.4,15.3,20.6,8.0,20.6,20.5,18.3,20.8,11.6
khan,20.8,20.7,20.7,20.8,20.8,20.8,14.7,20.4,20.4,14.4,14.7,14.7,20.3,20.6,20.6,8.0,8.0,8.0,20.4,20.8,20.8,20.4,20.6,20.6,17.5,20.6,20.6,16.3,18.3,18.3,16.5,20.6,20.6,9.1,11.6,11.6,20.6,20.7,15.3,20.7,8.0,20.6,20.7,18.3,20.5,11.6
khan,20.8,20.7,20.7,20.8,20.7,20.7,14.7,20.3,20.3,14.4,14.7,14.7,20.3,20.7,20.7,8.0,8.0,8.0,20.4,20.2,20.2,20.4,20.4,20.4,17.5,20.4,20.4,16.3,18.2,18.2,16.5,20.3,20.3,9.1,11.4,11.4,20.6,20.5,15.3,20.6,8.0,20.3,20.7,18.3,20.7,11.6
khan,20.8,20.8,20.8,20.8,20.6,20.6,14.7,20.6,20.6,14.4,14.7,14.7,20.3,20.5,20.5,8.0,8.0,8.0,20.4,20.5,20.5,20.4,20.5,20.5,17.5,20.5,20.5,16.3,18.2,18.2,16.5,20.5,20.5,9.1,11.5,11.5,20.7,20.7,15.3,20.9,8.0,20.6,20.5,18.3,20.7,10.9
khan,20.8,20.7,20.7,20.8,20.8,20.8,14.7,20.5,20.5,14.4,14.7,14.7,20.3,20.5,20.5,8.0,8.0,8.0,20.4,20.5,20.5,20.4,20.6,20.6,17.5,20.2,20.2,16.3,18.3,18.3,16.5,20.5,20.5,9.1,11.6,11.6,20.6,20.7,15.3,20.6,8.0,20.6,20.7,18.3,20.7,11.5
khan,20.8,20.7,20.7,20.8,20.8,20.8,14.7,20.6,20.6,14.4,14.7,14.7,20.3,20.6,20.6,8.0,8.0,8.0,20.4,20.6,20.6,20.4,20.1,20.1,17.5,20.3,20.3,16.3,18.3,18.3,16.5,20.5,20.5,9.1,11.6,11.6,20.7,20.3,15.3,20.7,8.0,20.7,20.7,18.3,20.8,11.6
khan,20.8,20.6,20.6,20.8,20.7,20.7,14.7,20.6,20.6,14.4,14.7,14.7,20.3,20.6,20.6,8.0,8.0,8.0,20.4,20.8,20.8,20.4,20.6,20.6,17.5,20.5,20.5,16.3,18.3,18.3,16.5,20.5,20.5,9.1,11.5,11.5,20.7,20.6,15.3,20.7,8.0,20.4,20.7,18.1,20.7,11.4
khan,20.8,20.7,20.7,20.8,20.8,20.8,14.7,20.6,20.6,14.4,14.7,14.7,20.3,20.6,20.6,8.0,8.0,8.0,20.4,20.3,20.3,20.4,20.2,20.2,17.5,20.5,20.5,16.3,18.3,18.3,16.5,20.3,20.3,9.1,11.6,11.6,20.7,20.6,15.3,20.8,8.0,20.6,20.6,18.3,20.8,11.4
khan,20.8,20.7,20.7,20.8,20.7,20.7,14.7,20.6,20.6,14.4,14.7,14.7,20.3,20.6,20.6,8.0,8.0,8.0,20.4,20.5,20.5,20.4,20.4,20.4,17.5,19.8,19.8,16.3,18.1,18.1,16.5,20.4,20.4,9.1,11.6,11.6,20.7,20.4,15.3,20.8,8.0,20.1,20.6,18.3,20.8,11.6
nakayama,15.6,18.1,18.1,15.6,18.3,18.3,11.9,18.7,18.7,11.3,11.9,11.9,10.1,18.5,18.5,7.6,7.7,7.7,9.0,10.8,10.8,9.0,13.2,13.2,6.3,17.6,17.6,6.7,18.2,18.2,5.5,15.1,15.1,8.9,13.1,13.1,18.2,18.6,12.2,18.4,7.9,12.7,18.3,18.3,18.2,11.0
nakayama,15.6,18.2,18.2,15.6,18.3,18.3,11.9,18.3,18.3,11.3,11.9,11.9,10.1,18.2,18.2,7.6,7.7,7.7,9.0,15.3,15.3,9.0,18.4,18.4,6.3,18.6,18.6,6.7,18.1,18.1,5.5,17.9,17.9,8.9,14.8,14.8,18.1,18.6,12.2,18.5,7.9,15.4,18.5,17.6,18.6,15.4
nakayama,15.6,18.1,18.1,15.6,18.1,18.1,11.9,18.3,18.3,11.3,12.0,12.0,10.1,18.4,18.4,7.6,7.9,7.9,9.0,14.6,14.6,9.0,10.3,10.3,6.3,18.6,18.6,6.7,16.7,16.7,5.5,14.2,14.2,8.9,11.3,11.3,18.2,17.8,12.2,18.4,7.9,18.6,18.4,18.4,18.3,15.4
nakayama,15.6,18.2,18.2,15.6,18.1,18.1,11.9,18.3,18.3,11.3,12.0,12.0,10.1,18.6,18.6,7.6,7.9,7.9,9.0,17.8,17.8,9.0,18.4,18.4,6.3,17.2,17.2,6.7,17.4,17.4,5.5,17.4,17.4,8.9,13.2,13.2,18.2,18.6,12.2,18.4,7.6,14.2,18.6,16.5,18.2,11.2
nakayama,15.6,18.1,18.1,15.6,18.3,18.3,11.9,18.5,18.5,11.3,11.8,11.8,10.1,18.6,18.6,7.6,7.8,7.8,9.0,10.5,10.5,9.0,11.6,11.6,6.3,18.3,18.3,6.7,17.3,17.3,5.5,12.2,12.2,8.9,13.9,13.9,18.2,18.4,12.2,18.5,7.9,13.2,18.4,18.1,18.1,12.8
nakayama,15.6,18.1,18.1,15.6,18.2,18.2,11.9,18.5,18.5,11.3,12.1,12.1,10.1,18.6,18.6,7.6,8.0,8.0,9.0,14.2,14.2,9.0,11.3,11.3,6.3,18.0,18.0,6.7,18.7,18.7,5.5,17.7,17.7,8.9,14.5,14.5,18.1,18.3,12.2,18.3,7.5,15.0,18.5,18.1,16.6,10.6
nakayama,15.6,18.1,18.1,15.6,18.3,18.3,11.9,18.4,18.4,11.3,12.0,12.0,10.1,18.6,18.6,7.6,7.8,7.8,9.0,14.5,14.5,9.0,18.4,18.4,6.3,16.7,16.7,6.7,18.5,18.5,5.5,17.3,17.3,8.9,13.5,13.5,18.1,18.2,12.2,18.2,7.8,14.6,18.7,18.4,18.5,12.9
nakayama,15.6,18.2,18.2,15.6,18.1,18.1,11.9,18.6,18.6,11.3,11.8,11.8,10.1,18.5,18.5,7.6,7.9,7.9,9.0,14.2,14.2,9.0,13.5,13.5,6.3,18.6,18.6,6.7,18.2,18.2,5.5,16.9,16.9,8.9,13.5,13.5,18.1,18.2,12.2,18.5,7.9,17.4,18.5,17.3,18.4,13.5
nakayama,15.6,18.1,18.1,15.6,18.1,18.1,11.9,18.7,18.7,11.3,11.5,11.5,10.1,18.7,18.7,7.6,7.9,7.9,9.0,14.2,14.2,9.0,14.7,14.7,6.3,17.3,17.3,6.7,16.6,16.6,5.5,16.7,16.7,8.9,11.6,11.6,18.2,17.7,12.2,18.6,7.8,14.5,18.6,17.2,18.5,14.2
nakayama,15.6,18.1,18.1,15.6,18.2,18.2,11.9,18.3,18.3,11.3,12.1,12.1,10.1,18.6,18.6,7.6,7.8,7.8,9.0,18.5,18.5,9.0,14.6,14.6,6.3,18.5,18.5,6.7,17.6,17.6,5.5,18.1,18.1,8.9,13.2,13.2,18.1,18.3,12.2,18.6,7.9,18.3,18.4,17.0,18.5,12.4
pomeroy,20.3,20.5,20.5,20.3,20.3,20.3,14.4,30.4,30.4,12.8,13.3,13.3,20.0,29.6,29.6,8.0,8.0,8.0,10.0,23.6,23.6,10.0,27.4,27.4,16.5,30.0,30.0,11.7,21.0,21.0,12.2,33.0,33.0,12.5,12.5,12.5,20.3,27.5,13.2,31.5,8.0,27.0,30.6,20.8,32.9,12.5
pomeroy,20.3,20.3,20.3,20.3,20.4,20.4,14.4,30.4,30.4,12.8,13.4,13.4,20.0,31.2,31.2,8.0,8.0,8.0,10.0,20.9,20.9,10.0,20.9,20.9,16.5,29.9,29.9,11.7,21.0,21.0,12.2,34.0,34.0,12.5,12.5,12.5,20.4,27.8,13.3,32.0,8.0,22.9,27.8,20.6,35.3,14.4
pomeroy,20.3,20.3,20.3,20.3,20.2,20.2,14.4,30.5,30.5,12.8,13.0,13.0,20.0,34.5,34.5,8.0,8.0,8.0,10.0,22.3,22.3,10.0,22.7,22.7,16.5,27.6,27.6,11.7,22.3,22.3,12.2,35.2,35.2,12.5,12.5,12.5,20.2,27.7,13.1,32.9,8.0,23.4,31.1,20.9,30.9,14.3
pomeroy,20.3,20.3,20.3,20.3,20.4,20.4,14.4,30.2,30.2,12.8,13.2,13.2,20.0,35.3,35.3,8.0,8.0,8.0,10.0,24.8,24.8,10.0,25.3,25.3,16.5,28.4,28.4,11.7,21.7,21.7,12.2,35.2,35.2,12.5,12.5,12.5,20.4,27.7,13.3,32.4,8.0,25.3,28.9,20.3,31.5,12.5
pomeroy,20.3,20.5,20.5,20.3,20.3,20.3,14.4,30.1,30.1,12.8,13.3,13.3,20.0,29.8,29.8,8.0,8.0,8.0,10.0,24.1,24.1,10.0,21.8,21.8,16.5,29.4,29.4,11.7,21.6,21.6,12.2,34.6,34.6,12.5,12.6,12.6,20.4,25.7,13.3,33.2,8.0,21.3,30.0,20.3,34.5,12.5
pomeroy,20.3,20.3,20.3,20.3,20.2,20.2,14.4,30.4,30.4,12.8,13.3,13.3,20.0,31.2,31.2,8.0,8.0,8.0,10.0,23.0,23.0,10.0,22.6,22.6,16.5,29.3,29.3,11.7,20.6,20.6,12.2,34.5,34.5,12.5,13.7,13.7,20.3,26.9,13.2,31.6,8.0,22.7,27.6,20.5,32.2,16.8
pomeroy,20.3,20.4,20.4,20.3,20.4,20.4,14.4,30.3,30.3,12.8,13.1,13.1,20.0,33.5,33.5,8.0,8.0,8.0,10.0,22.1,22.1,10.0,22.4,22.4,16.5,29.0,29.0,11.7,20.1,20.1,12.2,34.1,34.1,12.5,13.7,13.7,20.3,27.8,13.2,31.5,8.0,26.2,25.3,20.5,33.4,12.5
pomeroy,20.3,20.5,20.5,20.3,20.3,20.3,14.4,30.2,30.2,12.8,13.2,13.2,20.0,33.4,33.4,8.0,8.0,8.0,10.0,26.5,26.5,10.0,21.4,21.4,16.5,29.5,29.5,11.7,21.0,21.0,12.2,33.0,33.0,12.5,12.5,12.5,20.4,28.2,13.1,32.5,8.0,24.7,29.5,19.9,32.4,12.6
pomeroy,20.3,20.4,20.4,20.3,20.3,20.3,14.4,30.3,30.3,12.8,13.2,13.2,20.0,30.2,30.2,8.0,8.0,8.0,10.0,24.0,24.0,10.0,24.6,24.6,16.5,27.6,27.6,11.7,21.8,21.8,12.2,33.9,33.9,12.5,12.5,12.5,20.4,27.9,13.0,32.5,8.0,24.1,29.6,20.4,33.5,15.0
pomeroy,20.3,20.5,20.5,20.3,20.4,20.4,14.4,30.2,30.2,12.8,13.3,13.3,20.0,31.0,31.0,8.0,8.0,8.0,10.0,24.8,24.8,10.0,25.7,25.7,16.5,28.4,28.4,11.7,22.0,22.0,12.2,34.4,34.4,12.5,12.7,12.7,20.2,28.0,13.1,33.9,8.0,25.5,30.7,19.7,31.5,12.9
shipp,38.0,38.0,38.0,38.0,38.0,38.0,38.0,49.4,49.4,20.2,20.2,20.2,38.0,51.7,51.7,11.6,11.6,11.6,28.1,45.1,45.1,28.1,37.7,37.7,34.8,47.1,47.1,26.8,40.2,40.2,35.2,52.0,52.0,26.2,32.5,32.5,39.0,50.6,21.0,50.9,11.9,37.1,47.7,41.5,50.0,37.0
shipp,38.0,38.0,38.0,38.0,38.0,38.0,38.0,49.1,49.1,20.2,20.2,20.2,38.0,51.1,51.1,11.6,11.6,11.6,28.1,39.1,39.1,28.1,41.1,41.1,34.8,47.1,47.1,26.8,41.7,41.7,35.2,50.4,50.4,26.2,34.9,34.9,39.0,39.0,21.0,51.3,11.9,34.6,48.1,41.2,49.8,27.7
shipp,38.0,38.0,38.0,38.0,38.0,38.0,38.0,49.4,49.4,20.2,20.2,20.2,38.0,52.9,52.9,11.6,11.6,11.6,28.1,45.1,45.1,28.1,41.1,41.1,34.8,48.6,48.6,26.8,40.8,40.8,35.2,49.6,49.6,26.2,28.0,28.0,39.0,50.4,21.0,51.2,11.9,40.2,44.5,42.1,50.6,36.7
shipp,38.0,38.0,38.0,38.0,38.0,38.0,38.0,49.3,49.3,20.2,20.2,20.2,38.0,52.0,52.0,11.6,11.6,11.6,28.1,39.0,39.0,28.1,43.9,43.9,34.8,48.2,48.2,26.8,39.5,39.5,35.2,49.8,49.8,26.2,35.5,35.5,39.0,50.5,21.0,50.9,11.9,38.3,46.2,41.5,51.2,37.5
shipp,38.0,38.0,38.0,38.0,38.0,38.0,38.0,49.3,49.3,20.2,20.2,20.2,38.0,52.0,52.0,11.6,11.6,11.6,28.1,43.2,43.2,28.1,37.8,37.8,34.8,47.7,47.7,26.8,41.9,41.9,35.2,50.7,50.7,26.2,37.9,37.9,39.0,50.4,21.0,51.1,11.9,45.7,44.7,41.0,49.4,28.0
shipp,38.0,38.0,38.0,38.0,38.0,38.0,38.0,49.3,49.3,20.2,20.2,20.2,38.0,51.1,51.1,11.6,11.6,11.6,28.1,38.7,38.7,28.1,34.4,34.4,34.8,47.5,47.5,26.8,41.6,41.6,35.2,51.5,51.5,26.2,27.7,27.7,39.0,50.4,21.0,50.8,11.9,45.6,47.6,42.6,49.6,31.9
shipp,38.0,38.0,38.0,38.0,38.0,38.0,38.0,49.2,49.2,20.2,20.2,20.2,38.0,50.4,50.4,11.6,11.6,11.6,28.1,36.8,36.8,28.1,37.7,37.7,34.8,48.1,48.1,26.8,41.0,41.0,35.2,51.6,51.6,26.2,27.7,27.7,39.0,50.4,21.0,51.0,11.9,48.4,47.6,42.2,51.8,34.8
shipp,38.0,38.0,38.0,38.0,38.0,38.0,38.0,49.2,49.2,20.2,20.2,20.2,38.0,50.4,50.4,11.6,11.6,11.6,28.1,39.0,39.0,28.1,44.0,44.0,34.8,48.4,48.4,26.8,42.4,42.4,35.2,50.8,50.8,26.2,36.0,36.0,39.0,50.5,21.0,51.1,11.9,38.3,47.5,39.9,50.8,34.0
shipp,38.0,38.0,38.0,38.0,38.0,38.0,38.0,49.3,49.3,20.2,20.2,20.2,38.0,51.2,51.2,11.6,11.6,11.6,28.1,36.0,36.0,28.1,34.4,34.4,34.8,48.8,48.8,26.8,40.8,40.8,35.2,52.2,52.2,26.2,36.5,36.5,39.0,50.5,21.0,51.3,11.9,39.2,45.7,40.5,50.7,37.5
shipp,38.0,38.0,38.0,38.0,38.0,38.0,38.0,49.4,49.4,20.2,20.2,20.2,38.0,51.5,51.5,11.6,11.6,11.6,28.1,42.7,42.7,28.1,43.0,43.0,34.8,50.4,50.4,26.8,41.7,41.7,35.2,52.2,52.2,26.2,37.5,37.5,39.0,50.4,21.0,51.3,11.9,38.9,46.7,41.1,50.5,37.3
singh,36.5,37.2,37.2,36.5,36.5,36.5,25.4,44.5,44.5,24.8,25.0,25.0,22.2,47.3,47.3,14.6,14.6,14.6,30.9,41.7,41.7,30.9,42.0,42.0,29.5,46.4,46.4,26.2,40.0,40.0,22.3,46.5,46.5,15.4,43.6,43.6,37.0,46.6,25.2,47.5,14.3,38.5,45.3,43.3,46.2,43.6
singh,36.5,36.8,36.8,36.5,37.1,37.1,25.4,45.9,45.9,24.8,25.0,25.0,22.2,46.7,46.7,14.6,14.6,14.6,30.9,34.6,34.6,30.9,43.6,43.6,29.5,45.0,45.0,26.2,43.7,43.7,22.3,46.5,46.5,15.4,44.2,44.2,37.0,44.9,24.9,47.2,14.3,42.7,43.9,43.7,46.3,43.8
singh,36.5,36.9,36.9,36.5,36.5,36.5,25.4,45.8,45.8,24.8,24.7,24.7,22.2,47.5,47.5,14.6,14.6,14.6,30.9,41.9,41.9,30.9,37.7,37.7,29.5,45.7,45.7,26.2,42.2,42.2,22.3,46.7,46.7,15.4,44.1,44.1,37.0,45.5,24.9,46.8,14.3,34.5,45.7,43.8,46.6,43.1
singh,36.5,36.6,36.6,36.5,36.5,36.5,25.4,44.5,44.5,24.8,24.9,24.9,22.2,46.8,46.8,14.6,14.6,14.6,30.9,41.7,41.7,30.9,38.0,38.0,29.5,45.5,45.5,26.2,41.7,41.7,22.3,46.7,46.7,15.4,44.7,44.7,37.0,45.8,24.9,46.9,14.3,43.9,44.8,44.3,46.7,44.3
singh,36.5,36.9,36.9,36.5,37.1,37.1,25.4,45.5,45.5,24.8,25.1,25.1,22.2,45.8,45.8,14.6,14.6,14.6,30.9,41.2,41.2,30.9,41.6,41.6,29.5,46.0,46.0,26.2,43.8,43.8,22.3,46.8,46.8,15.4,44.9,44.9,37.0,45.9,24.9,46.8,14.3,38.7,45.6,41.3,46.7,44.8
singh,36.5,36.7,36.7,36.5,36.8,36.8,25.4,45.6,45.6,24.8,25.0,25.0,22.2,46.7,46.7,14.6,14.6,14.6,30.9,44.4,44.4,30.9,41.7,41.7,29.5,46.7,46.7,26.2,42.6,42.6,22.3,46.6,46.6,15.4,43.2,43.2,37.1,45.2,24.9,46.6,14.3,38.6,45.5,43.6,46.5,43.6
singh,36.5,36.8,36.8,36.5,36.9,36.9,25.4,45.1,45.1,24.8,25.0,25.0,22.2,46.8,46.8,14.6,14.6,14.6,30.9,34.6,34.6,30.9,42.3,42.3,29.5,45.9,45.9,26.2,42.6,42.6,22.3,46.6,46.6,15.4,43.8,43.8,36.9,44.5,24.9,47.4,14.3,36.6,45.7,43.1,46.4,45.0
singh,36.5,37.1,37.1,36.5,36.7,36.7,25.4,45.8,45.8,24.8,25.0,25.0,22.2,46.8,46.8,14.6,14.6,14.6,30.9,36.3,36.3,30.9,42.0,42.0,29.5,46.4,46.4,26.2,42.7,42.7,22.3,46.5,46.5,15.4,43.4,43.4,36.8,43.9,24.9,46.9,14.3,34.4,44.2,42.2,46.4,45.0
singh,36.5,36.8,36.8,36.5,37.0,37.0,25.4,46.0,46.0,24.8,25.1,25.1,22.2,46.8,46.8,14.6,14.6,14.6,30.9,41.4,41.4,30.9,42.0,42.0,29.5,46.3,46.3,26.2,42.8,42.8,22.3,46.6,46.6,15.4,44.2,44.2,37.0,45.5,24.9,47.0,14.3,43.4,45.7,43.8,46.4,44.5
singh,36.5,37.1,37.1,36.5,37.0,37.0,25.4,45.3,45.3,24.8,24.8,24.8,22.2,46.6,46.6,14.6,14.6,14.6,30.9,37.6,37.6,30.9,37.0,37.0,29.5,46.0,46.0,26.2,43.3,43.3,22.3,46.8,46.8,15.4,43.5,43.5,37.1,44.8,24.9,47.1,14.3,37.2,45.9,44.3,46.6,43.8
sorlie,22.2,23.8,23.8,22.2,23.9,23.9,17.0,24.8,24.8,13.4,13.3,13.3,16.0,23.4,23.4,9.4,9.4,9.4,10.6,15.7,15.7,10.6,16.2,16.2,8.0,13.3,13.3,7.4,10.2,10.2,8.0,12.5,12.5,6.6,7.0,7.0,22.7,25.7,13.5,26.7,7.9,23.3,25.8,15.6,27.0,10.0
sorlie,22.2,24.0,24.0,22.2,23.9,23.9,17.0,23.9,23.9,13.4,13.3,13.3,16.0,25.9,25.9,9.4,9.4,9.4,10.6,15.1,15.1,10.6,16.1,16.1,8.0,13.2,13.2,7.4,9.6,9.6,8.0,11.8,11.8,6.6,7.1,7.1,22.4,25.7,13.5,26.6,7.7,24.4,25.6,15.2,27.7,10.2
sorlie,22.2,23.9,23.9,22.2,23.7,23.7,17.0,23.8,23.8,13.4,13.4,13.4,16.0,27.1,27.1,9.4,9.4,9.4,10.6,14.4,14.4,10.6,15.0,15.0,8.0,13.3,13.3,7.4,9.6,9.6,8.0,12.5,12.5,6.6,6.5,6.5,22.4,25.0,13.5,25.9,7.8,23.8,26.9,15.8,27.0,10.2
sorlie,22.2,23.8,23.8,22.2,23.7,23.7,17.0,25.2,25.2,13.4,13.3,13.3,16.0,21.7,21.7,9.4,9.4,9.4,10.6,15.6,15.6,10.6,14.9,14.9,8.0,13.3,13.3,7.4,10.1,10.1,8.0,13.1,13.1,6.6,7.3,7.3,22.7,25.1,13.5,25.6,8.1,23.5,22.5,15.6,26.7,10.1
sorlie,22.2,23.7,23.7,22.2,23.7,23.7,17.0,26.2,26.2,13.4,13.2,13.2,16.0,23.9,23.9,9.4,9.4,9.4,10.6,16.4,16.4,10.6,12.6,12.6,8.0,13.5,13.5,7.4,9.6,9.6,8.0,15.0,15.0,6.6,7.2,7.2,22.5,24.8,13.5,25.7,7.8,23.8,22.3,16.1,25.9,10.2
sorlie,22.2,23.7,23.7,22.2,23.5,23.5,17.0,24.8,24.8,13.4,13.1,13.1,16.0,21.9,21.9,9.4,9.4,9.4,10.6,15.3,15.3,10.6,15.6,15.6,8.0,12.5,12.5,7.4,9.8,9.8,8.0,13.7,13.7,6.6,7.0,7.0,22.3,24.4,13.5,26.8,7.7,23.0,24.5,15.7,26.7,10.2
sorlie,22.2,23.7,23.7,22.2,23.8,23.8,17.0,24.6,24.6,13.4,13.0,13.0,16.0,27.3,27.3,9.4,9.4,9.4,10.6,11.5,11.5,10.6,15.9,15.9,8.0,11.9,11.9,7.4,9.4,9.4,8.0,13.7,13.7,6.6,7.2,7.2,22.7,24.8,13.4,26.3,8.1,22.2,25.0,15.8,26.6,10.2
sorlie,22.2,24.0,24.0,22.2,23.7,23.7,17.0,24.9,24.9,13.4,13.4,13.4,16.0,27.1,27.1,9.4,9.4,9.4,10.6,12.5,12.5,10.6,13.1,13.1,8.0,12.2,12.2,7.4,10.1,10.1,8.0,14.3,14.3,6.6,7.1,7.1,22.7,25.2,13.5,26.7,7.8,21.8,24.7,15.6,26.4,9.9
sorlie,22.2,23.8,23.8,22.2,24.0,24.0,17.0,26.0,26.0,13.4,13.3,13.3,16.0,26.6,26.6,9.4,9.4,9.4,10.6,16.2,16.2,10.6,15.2,15.2,8.0,13.3,13.3,7.4,8.3,8.3,8.0,13.5,13.5,6.6,6.9,6.9,22.7,24.7,13.4,26.6,7.9,22.6,24.6,15.5,26.5,9.9
sorlie,22.2,23.8,23.8,22.2,23.9,23.9,17.0,23.5,23.5,13.4,13.2,13.2,16.0,24.7,24.7,9.4,9.3,9.3,10.6,16.4,16.4,10.6,16.0,16.0,8.0,12.8,12.8,7.4,9.7,9.7,8.0,11.9,11.9,6.6,6.8,6.8,22.5,24.8,13.5,26.5,7.7,23.2,24.5,15.8,26.7,10.1
subramanian,18.1,18.1,18.1,18.1,18.1,18.1,13.0,27.4,27.4,13.0,13.0,13.0,13.6,30.0,30.0,7.9,7.9,7.9,15.0,27.5,27.5,15.0,28.5,28.5,18.2,30.3,30.3,19.0,19.4,19.4,13.4,30.3,30.3,13.1,13.1,13.1,18.0,27.4,13.0,29.5,7.5,27.7,30.2,19.5,30.2,13.1
subramanian,18.1,18.1,18.1,18.1,18.1,18.1,13.0,27.5,27.5,13.0,13.0,13.0,13.6,30.3,30.3,7.9,7.9,7.9,15.0,29.3,29.3,15.0,28.6,28.6,18.2,30.3,30.3,19.0,19.1,19.1,13.4,30.0,30.0,13.1,13.1,13.1,18.0,27.4,13.0,30.2,7.5,28.9,30.2,20.3,30.3,13.2
subramanian,18.1,18.1,18.1,18.1,18.1,18.1,13.0,27.5,27.5,13.0,13.0,13.0,13.6,30.3,30.3,7.9,7.9,7.9,15.0,27.7,27.7,15.0,27.4,27.4,18.2,30.3,30.3,19.0,21.8,21.8,13.4,29.9,29.9,13.1,13.1,13.1,18.0,27.1,13.0,30.2,7.5,28.6,30.0,20.7,30.4,13.1
subramanian,18.1,18.1,18.1,18.1,18.1,18.1,13.0,27.5,27.5,13.0,13.0,13.0,13.6,30.3,30.3,7.9,7.9,7.9,15.0,28.7,28.7,15.0,28.8,28.8,18.2,29.7,29.7,19.0,19.4,19.4,13.4,30.5,30.5,13.1,13.1,13.1,18.0,27.2,13.0,30.2,7.5,28.4,30.3,20.5,30.2,13.1
subramanian,18.1,18.1,18.1,18.1,18.1,18.1,13.0,27.4,27.4,13.0,13.0,13.0,13.6,30.3,30.3,7.9,7.9,7.9,15.0,25.9,25.9,15.0,28.9,28.9,18.2,30.2,30.2,19.0,19.3,19.3,13.4,30.2,30.2,13.1,13.1,13.1,18.0,27.3,13.0,29.2,7.5,29.1,29.6,19.9,30.3,13.1
subramanian,18.1,18.1,18.1,18.1,18.1,18.1,13.0,27.5,27.5,13.0,13.0,13.0,13.6,29.7,29.7,7.9,7.9,7.9,15.0,28.7,28.7,15.0,29.4,29.4,18.2,30.3,30.3,19.0,19.2,19.2,13.4,30.0,30.0,13.1,13.1,13.1,18.0,27.2,13.0,30.2,7.5,28.6,29.6,19.2,30.4,13.1
subramanian,18.1,18.1,18.1,18.1,18.1,18.1,13.0,27.6,27.6,13.0,13.0,13.0,13.6,30.3,30.3,7.9,7.9,7.9,15.0,27.9,27.9,15.0,27.3,27.3,18.2,30.3,30.3,19.0,20.6,20.6,13.4,30.2,30.2,13.1,13.1,13.1,18.0,27.3,13.0,30.0,7.5,28.6,30.3,22.0,30.3,13.1
subramanian,18.1,18.1,18.1,18.1,18.1,18.1,13.0,27.4,27.4,13.0,13.0,13.0,13.6,29.8,29.8,7.9,7.9,7.9,15.0,28.9,28.9,15.0,28.1,28.1,18.2,30.3,30.3,19.0,20.1,20.1,13.4,29.5,29.5,13.1,13.1,13.1,18.0,27.2,13.0,30.2,7.5,28.6,30.2,19.3,30.3,14.0
subramanian,18.1,18.1,18.1,18.1,18.1,18.1,13.0,27.5,27.5,13.0,13.0,13.0,13.6,30.4,30.4,7.9,7.9,7.9,15.0,29.1,29.1,15.0,29.4,29.4,18.2,30.3,30.3,19.0,19.0,19.0,13.4,29.7,29.7,13.1,13.1,13.1,18.0,27.3,13.0,29.7,7.5,28.9,29.9,19.6,30.4,13.1
subramanian,18.1,18.1,18.1,18.1,18.1,18.1,13.0,27.6,27.6,13.0,13.0,13.0,13.6,30.3,30.3,7.9,7.9,7.9,15.0,27.3,27.3,15.0,27.8,27.8,18.2,30.3,30.3,19.0,20.3,20.3,13.4,29.6,29.6,13.1,13.1,13.1,18.0,27.2,13.0,29.4,7.5,28.1,30.2,19.2,30.4,13.7
tian,56.0,55.8,55.8,56.0,55.9,55.9,42.7,71.7,71.7,33.2,34.1,34.1,37.1,91.1,91.1,23.2,23.2,23.2,26.4,64.6,64.6,26.4,40.2,40.2,34.8,74.3,74.3,30.3,60.4,60.4,38.5,76.1,76.1,43.5,68.6,68.6,56.4,72.4,33.6,83.0,22.2,56.1,61.9,72.1,93.5,58.8
tian,56.0,55.9,55.9,56.0,56.0,56.0,42.7,71.7,71.7,33.2,33.7,33.7,37.1,73.3,73.3,23.2,23.2,23.2,26.4,40.4,40.4,26.4,40.8,40.8,34.8,66.9,66.9,30.3,68.0,68.0,38.5,60.2,60.2,43.5,55.6,55.6,56.1,72.3,33.8,88.9,22.2,74.9,56.4,72.1,84.7,69.4
tian,56.0,56.0,56.0,56.0,56.1,56.1,42.7,71.7,71.7,33.2,34.0,34.0,37.1,72.9,72.9,23.2,23.2,23.2,26.4,42.2,42.2,26.4,44.2,44.2,34.8,56.7,56.7,30.3,52.8,52.8,38.5,71.7,71.7,43.5,57.1,57.1,56.2,72.4,34.0,78.4,22.2,66.2,71.3,64.0,73.3,54.7
tian,56.0,55.9,55.9,56.0,56.2,56.2,42.7,71.6,71.6,33.2,33.8,33.8,37.1,70.6,70.6,23.2,23.2,23.2,26.4,57.7,57.7,26.4,52.4,52.4,34.8,61.8,61.8,30.3,65.3,65.3,38.5,67.8,67.8,43.5,69.2,69.2,56.2,72.4,34.3,78.5,22.2,47.3,57.2,64.1,94.9,62.0
tian,56.0,56.2,56.2,56.0,55.7,55.7,42.7,71.7,71.7,33.2,33.9,33.9,37.1,72.5,72.5,23.2,23.2,23.2,26.4,41.1,41.1,26.4,63.7,63.7,34.8,75.1,75.1,30.3,69.4,69.4,38.5,60.7,60.7,43.5,70.3,70.3,56.2,72.4,33.6,81.5,22.2,41.8,74.4,65.1,72.5,61.3
tian,56.0,56.0,56.0,56.0,56.0,56.0,42.7,71.7,71.7,33.2,33.3,33.3,37.1,74.2,74.2,23.2,23.2,23.2,26.4,40.1,40.1,26.4,56.6,56.6,34.8,56.1,56.1,30.3,71.8,71.8,38.5,64.3,64.3,43.5,62.8,62.8,56.4,72.4,34.4,83.0,22.2,42.7,72.3,71.2,92.8,70.9
tian,56.0,55.9,55.9,56.0,56.2,56.2,42.7,71.6,71.6,33.2,34.0,34.0,37.1,74.2,74.2,23.2,23.2,23.2,26.4,40.3,40.3,26.4,55.2,55.2,34.8,70.3,70.3,30.3,60.9,60.9,38.5,83.8,83.8,43.5,68.3,68.3,56.2,72.4,34.6,83.0,22.2,43.0,58.8,67.7,85.6,68.6
tian,56.0,56.0,56.0,56.0,56.2,56.2,42.7,71.7,71.7,33.2,33.7,33.7,37.1,65.7,65.7,23.2,23.2,23.2,26.4,41.2,41.2,26.4,64.6,64.6,34.8,74.8,74.8,30.3,69.4,69.4,38.5,67.7,67.7,43.5,68.5,68.5,56.2,72.3,33.5,83.2,22.2,80.8,59.7,71.5,71.8,72.3
tian,56.0,56.2,56.2,56.0,56.0,56.0,42.7,71.6,71.6,33.2,33.4,33.4,37.1,70.1,70.1,23.2,23.2,23.2,26.4,63.9,63.9,26.4,41.7,41.7,34.8,58.6,58.6,30.3,64.5,64.5,38.5,82.3,82.3,43.5,62.3,62.3,56.2,71.9,33.4,85.8,22.2,40.9,58.6,63.2,82.4,56.2
tian,56.0,56.0,56.0,56.0,56.0,56.0,42.7,72.2,72.2,33.2,33.3,33.3,37.1,74.9,74.9,23.2,23.2,23.2,26.4,50.1,50.1,26.4,44.8,44.8,34.8,60.2,60.2,30.3,73.5,73.5,38.5,65.5,65.5,43.5,62.4,62.4,55.7,72.3,34.6,82.9,22.2,44.5,65.5,62.6,79.5,64.8
west,17.2,17.2,17.2,17.2,17.2,17.2,18.0,21.7,21.7,10.8,10.8,10.8,15.3,20.8,20.8,7.0,7.0,7.0,11.4,22.1,22.1,11.4,21.7,21.7,12.7,19.3,19.3,8.4,19.8,19.8,11.2,21.5,21.5,8.7,18.1,18.1,16.3,20.0,11.0,22.6,7.0,20.9,21.6,18.7,20.8,18.0
west,17.2,17.2,17.2,17.2,17.2,17.2,18.0,20.5,20.5,10.8,10.8,10.8,15.3,20.3,20.3,7.0,7.0,7.0,11.4,22.7,22.7,11.4,21.1,21.1,12.7,22.3,22.3,8.4,19.7,19.7,11.2,22.2,22.2,8.7,18.3,18.3,16.3,19.4,11.0,21.7,7.0,19.7,22.0,19.5,21.8,17.8
west,17.2,17.2,17.2,17.2,17.2,17.2,18.0,22.0,22.0,10.8,10.8,10.8,15.3,20.3,20.3,7.0,7.0,7.0,11.4,22.4,22.4,11.4,21.6,21.6,12.7,20.2,20.2,8.4,19.8,19.8,11.2,22.6,22.6,8.7,18.1,18.1,16.3,20.4,11.0,22.6,7.0,21.7,21.8,19.5,21.3,18.2
west,17.2,17.2,17.2,17.2,17.2,17.2,18.0,21.5,21.5,10.8,10.8,10.8,15.3,21.3,21.3,7.0,7.0,7.0,11.4,21.8,21.8,11.4,22.1,22.1,12.7,22.1,22.1,8.4,19.0,19.0,11.2,22.2,22.2,8.7,18.3,18.3,16.3,20.5,11.0,22.4,7.0,21.8,19.5,19.5,21.8,18.3
west,17.2,17.2,17.2,17.2,17.2,17.2,18.0,21.6,21.6,10.8,10.8,10.8,15.3,19.3,19.3,7.0,7.0,7.0,11.4,22.7,22.7,11.4,20.9,20.9,12.7,22.3,22.3,8.4,19.4,19.4,11.2,22.4,22.4,8.7,18.5,18.5,16.3,19.4,11.0,22.4,7.0,21.6,22.3,20.1,22.0,18.3
west,17.2,17.1,17.1,17.2,17.2,17.2,18.0,21.1,21.1,10.8,10.8,10.8,15.3,20.8,20.8,7.0,7.0,7.0,11.4,21.6,21.6,11.4,19.0,19.0,12.7,22.5,22.5,8.4,19.6,19.6,11.2,22.6,22.6,8.7,18.3,18.3,16.3,20.6,11.0,22.6,7.0,22.5,20.6,19.8,21.7,18.4
west,17.2,17.2,17.2,17.2,17.2,17.2,18.0,21.4,21.4,10.8,10.8,10.8,15.3,18.4,18.4,7.0,7.0,7.0,11.4,22.4,22.4,11.4,22.4,22.4,12.7,21.1,21.1,8.4,19.7,19.7,11.2,22.4,22.4,8.7,18.4,18.4,16.3,19.4,11.0,22.5,7.0,20.8,20.5,19.7,19.6,18.0
west,17.2,17.2,17.2,17.2,17.2,17.2,18.0,21.8,21.8,10.8,10.8,10.8,15.3,18.8,18.8,7.0,7.0,7.0,11.4,21.6,21.6,11.4,21.4,21.4,12.7,21.9,21.9,8.4,19.6,19.6,11.2,22.6,22.6,8.7,18.2,18.2,16.3,19.6,11.0,22.4,7.0,22.6,19.3,19.8,22.4,18.3
west,17.2,17.1,17.1,17.2,17.2,17.2,18.0,21.7,21.7,10.8,10.8,10.8,15.3,21.2,21.2,7.0,7.0,7.0,11.4,20.2,20.2,11.4,21.3,21.3,12.7,21.7,21.7,8.4,19.9,19.9,11.2,22.5,22.5,8.7,17.4,17.4,16.3,19.9,11.0,22.5,7.0,21.0,19.4,19.0,20.9,18.4
west,17.2,17.1,17.1,17.2,17.2,17.2,18.0,21.6,21.6,10.8,10.8,10.8,15.3,19.4,19.4,7.0,7.0,7.0,11.4,22.7,22.7,11.4,22.3,22.3,12.7,20.7,20.7,8.4,19.3,19.3,11.2,22.4,22.4,8.7,18.2,18.2,16.3,18.9,11.0,22.3,7.0,19.9,21.6,18.7,22.4,18.3
yeoh,66.9,73.5,73.5,66.9,73.7,73.7,60.1,70.9,70.9,49.7,50.9,50.9,60.2,73.0,73.0,31.0,31.0,31.0,56.8,59.9,59.9,56.8,60.8,60.8,54.2,70.5,70.5,46.9,52.6,52.6,74.6,69.4,69.4,26.7,22.8,22.8,73.7,73.0,50.9,73.5,31.0,59.2,72.5,48.0,72.7,30.5
yeoh,66.9,73.6,73.6,66.9,73.7,73.7,60.1,72.2,72.2,49.7,50.9,50.9,60.2,72.8,72.8,31.0,31.0,31.0,56.8,59.7,59.7,56.8,59.9,59.9,54.2,72.2,72.2,46.9,56.7,56.7,74.6,70.2,70.2,26.7,27.8,27.8,73.5,72.3,50.9,73.5,31.0,62.9,73.6,50.1,73.0,22.8
yeoh,66.9,73.5,73.5,66.9,73.7,73.7,60.1,72.1,72.1,49.7,50.9,50.9,60.2,72.9,72.9,31.0,31.0,31.0,56.8,59.0,59.0,56.8,59.4,59.4,54.2,72.9,72.9,46.9,48.9,48.9,74.6,70.3,70.3,26.7,26.8,26.8,73.7,73.3,50.9,73.4,31.0,59.3,72.2,49.6,72.6,23.9
yeoh,66.9,73.5,73.5,66.9,73.4,73.4,60.1,72.1,72.1,49.7,50.9,50.9,60.2,72.9,72.9,31.0,31.0,31.0,56.8,60.7,60.7,56.8,59.4,59.4,54.2,72.9,72.9,46.9,50.0,50.0,74.6,68.8,68.8,26.7,27.9,27.9,73.6,73.9,50.9,73.2,31.0,59.6,72.7,53.1,72.1,32.9
yeoh,66.9,73.4,73.4,66.9,73.5,73.5,60.1,73.0,73.0,49.7,50.9,50.9,60.2,72.3,72.3,31.0,31.0,31.0,56.8,60.1,60.1,56.8,59.5,59.5,54.2,72.6,72.6,46.9,51.6,51.6,74.6,69.5,69.5,26.7,23.2,23.2,73.6,73.6,50.9,73.2,31.0,59.5,72.8,54.5,71.8,33.9
yeoh,66.9,73.7,73.7,66.9,73.7,73.7,60.1,70.2,70.2,49.7,50.9,50.9,60.2,72.6,72.6,31.0,31.0,31.0,56.8,59.1,59.1,56.8,59.2,59.2,54.2,72.9,72.9,46.9,55.8,55.8,74.6,69.8,69.8,26.7,22.4,22.4,73.7,72.9,50.9,73.5,31.0,59.2,72.1,48.2,73.0,28.9
yeoh,66.9,73.7,73.7,66.9,73.6,73.6,60.1,72.4,72.4,49.7,50.9,50.9,60.2,72.8,72.8,31.0,31.0,31.0,56.8,60.1,60.1,56.8,60.7,60.7,54.2,72.3,72.3,46.9,48.9,48.9,74.6,68.8,68.8,26.7,29.5,29.5,73.7,73.4,50.9,73.3,31.0,59.3,71.4,52.0,72.9,28.5
yeoh,66.9,73.4,73.4,66.9,73.8,73.8,60.1,72.7,72.7,49.7,50.9,50.9,60.2,72.8,72.8,31.0,31.0,31.0,56.8,60.0,60.0,56.8,60.3,60.3,54.2,72.6,72.6,46.9,53.4,53.4,74.6,70.0,70.0,26.7,22.8,22.8,73.9,73.0,50.9,73.6,31.0,59.8,72.4,51.7,72.7,38.3
yeoh,66.9,73.7,73.7,66.9,73.7,73.7,60.1,63.2,63.2,49.7,50.9,50.9,60.2,73.2,73.2,31.0,31.0,31.0,56.8,60.3,60.3,56.8,59.2,59.2,54.2,72.6,72.6,46.9,49.0,49.0,74.6,69.9,69.9,26.7,35.4,35.4,73.7,72.8,50.9,73.6,31.0,59.3,72.7,52.5,73.0,22.7
yeoh,66.9,73.5,73.5,66.9,73.6,73.6,60.1,60.3,60.3,49.7,50.9,50.9,60.2,73.0,73.0,31.0,31.0,31.0,56.8,59.1,59.1,56.8,58.0,58.0,54.2,72.9,72.9,46.9,49.1,49.1,74.6,70.0,70.0,26.7,22.6,22.6,73.4,72.9,50.9,73.0,31.0,60.7,72.8,50.2,72.7,29.9
